"Industry","Cluster t","RF Category","Partial R²","RV (q=1)","RV Tier","Critical kd","Survives kd=1"
"Consulting services",12.83,"Strong",0.046919,0.1903,"Robust",">5",TRUE
"Electronics manufacturing",-7.23,"Strong",0.009877,0.0856,"Robust","5",TRUE
"Construction",6.45,"Strong",0.006592,0.0686,"Robust",">5",TRUE
"Social institutions",5.17,"Strong",0.003481,0.0476,"Moderate","1",FALSE
"Other services",4.13,"Strong",0.002198,0.0359,"Moderate","1",FALSE
"Travel agencies and operational services",4.01,"Strong",0.003998,0.0516,"Robust","2",TRUE
"Telecommunications and IT services",-3.32,"Strong",0.002126,0.0352,"Moderate","1",FALSE
"Real estate",3.24,"Strong",0.001537,0.0285,"Moderate","1",FALSE
"Public administration and defence",3.2,"Strong",0.001133,0.0231,"Moderate","1",FALSE
"Education",2.82,"Moderate",0.001063,0.022,"Moderate","1",FALSE
"Advertising and business services",2.21,"Moderate",0.000692,0.0159,"Moderate","1",FALSE
"Machinery manufacturing",2.19,"Moderate",0.001123,0.0229,"Moderate","1",FALSE
"Transport",2.09,"Moderate",0.000907,0.0196,"Moderate","1",FALSE
"Food, beverages and tobacco",1.98,"Borderline",0.001499,0.028,"Moderate","1",FALSE
"Plastics, glass and concrete",1.61,"Borderline",0.001112,0.0228,"Moderate","1",FALSE
"Healthcare",1.54,"Borderline",0.000273,0.0062,"Fragile","1",FALSE
"Wood, paper and printing",1.5,"Borderline",0.000734,0.0166,"Moderate","1",FALSE
"Textiles, leather and furniture",1.3,"Insignificant",0.000391,0.0094,"Fragile","1",FALSE
"Chemicals, oil refining and pharmaceuticals",1.07,"Insignificant",0.000611,0.0143,"Moderate","1",FALSE
"Metal manufacturing",0.83,"Insignificant",0.000224,0.0046,"Fragile","1",FALSE
"Transport equipment manufacturing",0.83,"Insignificant",0.000221,0.0045,"Fragile","1",FALSE
"Publishing, TV and radio",0.31,"Insignificant",1.7e-05,0,"Fragile","1",FALSE
"Research and development",0.3,"Insignificant",2.7e-05,0,"Fragile","1",FALSE
"Agriculture, forestry and fishing",-0.22,"Insignificant",2e-05,0,"Fragile","1",FALSE
"Finance and insurance",0.18,"Insignificant",4e-06,0,"Fragile","1",FALSE
"Trade",-0.15,"Insignificant",5e-06,0,"Fragile","1",FALSE
"Hotels and restaurants",-0.11,"Insignificant",2e-06,0,"Fragile","1",FALSE
"Culture and recreation",-0.06,"Insignificant",1e-06,0,"Fragile","1",FALSE
"Electrical equipment manufacturing",0.01,"Insignificant",0,0,"Fragile","1",FALSE
