"Industry","OLS t-stat","Cluster t-stat","Inflation ratio","N observations","N clusters"
"Chemicals, oil refining and pharmaceuticals",4.69,1.07,4.38,36189,226
"Plastics, glass and concrete",6.32,1.61,3.93,36197,226
"Agriculture, forestry and fishing",-0.84,-0.22,3.82,36143,226
"Food, beverages and tobacco",7.35,1.98,3.71,36195,226
"Metal manufacturing",2.84,0.83,3.42,36181,226
"Wood, paper and printing",5.13,1.5,3.42,36176,226
"Transport equipment manufacturing",2.82,0.83,3.4,36175,226
"Consulting services",42.09,12.83,3.28,36246,226
"Research and development",0.98,0.3,3.26,36251,226
"Travel agencies and operational services",12.02,4.01,3,36234,226
"Trade",-0.44,-0.15,2.95,36223,226
"Machinery manufacturing",6.35,2.19,2.9,36179,226
"Textiles, leather and furniture",3.75,1.3,2.88,36197,226
"Transport",5.72,2.09,2.73,36236,226
"Hotels and restaurants",-0.3,-0.11,2.71,36235,226
"Telecommunications and IT services",-8.75,-3.32,2.64,36199,226
"Electronics manufacturing",-18.93,-7.23,2.62,36194,226
"Publishing, TV and radio",0.77,0.31,2.49,36197,226
"Construction",15.45,6.45,2.39,36220,226
"Real estate",7.44,3.24,2.3,36208,226
"Culture and recreation",-0.14,-0.06,2.29,36236,226
"Advertising and business services",4.99,2.21,2.26,36250,226
"Education",6.19,2.82,2.19,36238,226
"Social institutions",11.21,5.17,2.17,36238,226
"Other services",8.9,4.13,2.16,36232,226
"Finance and insurance",0.38,0.18,2.13,36227,226
"Electrical equipment manufacturing",0.02,0.01,2.07,36195,226
"Healthcare",3.14,1.54,2.04,36236,226
"Public administration and defence",6.39,3.2,2,36239,226
