"Industry","t (Cons)","t (Emp)","t (Firm)","RV (Cons)","RV (Emp)","RV (Firm)","kd (Cons)","kd (Emp)","kd (Firm)","Category consistent"
"Consulting services",12.83,12.64,12.54,0.1903,0.1884,0.1879,">5",">5",">5",TRUE
"Electronics manufacturing",-7.23,-7.27,-7.27,0.0856,0.0879,0.0877,"5","5","5",TRUE
"Construction",6.45,6.46,6.35,0.0686,0.0686,0.0673,">5",">5","1",TRUE
"Social institutions",5.17,5.15,5.17,0.0476,0.0473,0.0476,"1","1","1",TRUE
"Other services",4.13,4.15,4.1,0.0359,0.0362,0.0356,"1","1","1",TRUE
"Travel agencies and operational services",4.01,3.99,3.96,0.0516,0.0505,0.0494,"2","2","2",TRUE
"Telecommunications and IT services",-3.32,-3.37,-3.37,0.0352,0.0362,0.0362,"1","1","1",TRUE
"Real estate",3.24,3.22,3.16,0.0285,0.0282,0.0274,"1","1","1",TRUE
"Public administration and defence",3.2,3.24,3.26,0.0231,0.0235,0.0236,"1","1","1",TRUE
"Education",2.82,2.81,2.81,0.022,0.0218,0.0218,"1","1","1",TRUE
"Advertising and business services",2.21,2.19,2.19,0.0159,0.0157,0.0157,"1","1","1",TRUE
"Machinery manufacturing",2.19,2.17,2.18,0.0229,0.0225,0.0227,"1","1","1",TRUE
"Transport",2.09,2.1,2.09,0.0196,0.0198,0.0195,"1","1","1",TRUE
"Food, beverages and tobacco",1.98,1.99,1.98,0.028,0.0283,0.0282,"1","1","1",TRUE
"Plastics, glass and concrete",1.61,1.61,1.61,0.0228,0.0227,0.0227,"1","1","1",TRUE
"Healthcare",1.54,1.54,1.53,0.0062,0.0061,0.006,"1","1","1",TRUE
"Wood, paper and printing",1.5,1.51,1.49,0.0166,0.0167,0.0167,"1","1","1",FALSE
"Textiles, leather and furniture",1.3,1.29,1.29,0.0094,0.0094,0.0094,"1","1","1",TRUE
"Chemicals, oil refining and pharmaceuticals",1.07,1.26,1.11,0.0143,0.0186,0.0154,"1","1","1",TRUE
"Metal manufacturing",0.83,0.83,0.83,0.0046,0.0045,0.0045,"1","1","1",TRUE
"Transport equipment manufacturing",0.83,0.81,0.82,0.0045,0.0042,0.0043,"1","1","1",TRUE
"Publishing, TV and radio",0.31,-0.04,-0.06,0,0,0,"1","1","1",TRUE
"Research and development",0.3,0.29,0.29,0,0,0,"1","1","1",TRUE
"Agriculture, forestry and fishing",-0.22,-0.18,-0.24,0,0,0,"1","1","1",TRUE
"Finance and insurance",0.18,0.24,0.09,0,0,0,"1","1","1",TRUE
"Trade",-0.15,-0.16,-0.19,0,0,0,"1","1","1",TRUE
"Hotels and restaurants",-0.11,-0.13,-0.11,0,0,0,"1","1","1",TRUE
"Culture and recreation",-0.06,-0.06,-0.06,0,0,0,"1","1","1",TRUE
"Electrical equipment manufacturing",0.01,0,0.01,0,0,0,"1","1","1",TRUE
